id,token,user_id,device_info,is_active,created_at,expires_at
1,eyJhbGciOiJIUzI1NiIsInR5cCI6IkpXVCJ9.eyJzdWIiOiJhZG1pbiIsImV4cCI6MTc0OTgyMzk2Nn0.5Od3LPBElscJKWaF-FYntR8na3Ib-t5ItlDitVETPxk,1,,True,2025-06-13 13:42:46.463,2025-06-13 14:12:46.440
2,eyJhbGciOiJIUzI1NiIsInR5cCI6IkpXVCJ9.eyJzdWIiOiJhZG1pbiIsImV4cCI6MTc0OTgyNDE1Mn0.QmcyXkrQGlvXABBRLibFhJ4Ji7ruLir26TRvdz9pDaI,1,,True,2025-06-13 13:45:52.697,2025-06-13 14:15:52.673
3,eyJhbGciOiJIUzI1NiIsInR5cCI6IkpXVCJ9.eyJzdWIiOiJhZG1pbiIsImV4cCI6MTc0OTgyNDE5OX0.MV3re0C_GRr2xpDzWQ3uiLduG3IlzPH5bpnjObQm1HE,1,,True,2025-06-13 13:46:39.763,2025-06-13 14:16:39.740
4,eyJhbGciOiJIUzI1NiIsInR5cCI6IkpXVCJ9.eyJzdWIiOiJhZG1pbiIsImV4cCI6MTc0OTgyNDI3Nn0.E8281-UH23fxgEzRNZCFk782AjlRh9y0tT2hTTR3xXM,1,,True,2025-06-13 13:47:56.197,2025-06-13 14:17:56.173
5,eyJhbGciOiJIUzI1NiIsInR5cCI6IkpXVCJ9.eyJzdWIiOiJhZG1pbiIsImV4cCI6MTc0OTgyNDQyM30.-9s9GNc9Ks4jGRL4ijAEpPB--pONfQdPgSl-LFZ5wEM,1,,True,2025-06-13 13:50:23.983,2025-06-13 14:20:23.943
6,eyJhbGciOiJIUzI1NiIsInR5cCI6IkpXVCJ9.eyJzdWIiOiJhZG1pbiIsImV4cCI6MTc0OTgzMjA4MX0.3tTpKbs4bvpdLDoVDhSeHflvop40cM7amla-8EJFcl4,1,,True,2025-06-13 15:58:01.587,2025-06-13 16:28:01.557
8,eyJhbGciOiJIUzI1NiIsInR5cCI6IkpXVCJ9.eyJzdWIiOiJhZG1pbiIsImV4cCI6MTc0OTgzMjA4Mn0.ebTjS_812RAj9lpsPF_HUsAQTYU9Nq_i3I2qsBBa_2g,1,,True,2025-06-13 15:58:02.423,2025-06-13 16:28:02.403
10,eyJhbGciOiJIUzI1NiIsInR5cCI6IkpXVCJ9.eyJzdWIiOiJhZG1pbiIsImV4cCI6MTc0OTgzMjEwNH0.AY82FCVqiOQAmFP2vdrULCKJ4OjHs8TiAof_cf5Wu_Y,1,,True,2025-06-13 15:58:24.813,2025-06-13 16:28:24.787
11,eyJhbGciOiJIUzI1NiIsInR5cCI6IkpXVCJ9.eyJzdWIiOiJhZG1pbiIsImV4cCI6MTc0OTgzMjY5NX0.JCEDr8S59k2BeFZf115LYHT3-yczM5QrocNQc5LHbo0,1,,True,2025-06-13 16:08:15.783,2025-06-13 16:38:15.757
